key,num,rank,orig,file,name,search,artifacts
,,,"Meow
",./results/meow.json,Meow,Meow ,Multiple see below:
,,,,,,,"=HYPERLINK(""https://en.wikipedia.org/wiki/Meow#bodyContent"", ""Jump to content"")"
,,,,,,,"=HYPERLINK(""https://en.wikipedia.org/wiki/Main_Page"", ""/wiki/Main_Page"")"
,,,,,,,"=HYPERLINK(""https://en.wikipedia.org/wiki/Wikipedia:Contents"", ""/wiki/Wikipedia:Contents"")"
,,,,,,,"=HYPERLINK(""https://en.wikipedia.org/wiki/Portal:Current_events"", ""/wiki/Portal:Current_events"")"
,,,,,,,"=HYPERLINK(""https://en.wikipedia.org/wiki/Special:Random"", ""/wiki/Special:Random"")"
,,,,,,,"=HYPERLINK(""https://en.wikipedia.org/wiki/Wikipedia:About"", ""/wiki/Wikipedia:About"")"
,,,,,,,"=HYPERLINK(""https://en.wikipedia.org/wiki/Wikipedia:Contact_us"", ""/wiki/Wikipedia:Contact_us"")"
,,,,,,,"=HYPERLINK(""https://donate.wikimedia.org/wiki/Special:FundraiserRedirector?utm_source=donate&utm_medium=sidebar&utm_campaign=C13_en.wikipedia.org&uselang=en"", ""/wiki/Special:FundraiserRedirector"")"
,,,,,,,"=HYPERLINK(""https://en.wikipedia.org/wiki/Help:Contents"", ""/wiki/Help:Contents"")"
,,,,,,,"=HYPERLINK(""https://en.wikipedia.org/wiki/Help:Introduction"", ""/wiki/Help:Introduction"")"
,,,,,,,"=HYPERLINK(""https://en.wikipedia.org/wiki/Wikipedia:Community_portal"", ""/wiki/Wikipedia:Community_portal"")"
,,,,,,,"=HYPERLINK(""https://en.wikipedia.org/wiki/Special:RecentChanges"", ""/wiki/Special:RecentChanges"")"
,,,,,,,"=HYPERLINK(""https://en.wikipedia.org/wiki/Wikipedia:File_upload_wizard"", ""/wiki/Wikipedia:File_upload_wizard"")"
,,,,,,,"=HYPERLINK(""https://en.wikipedia.org/wiki/Main_Page"", ""/wiki/Main_Page"")"
,,,,,,,"=HYPERLINK(""https://en.wikipedia.org/wiki/Special:Search"", ""/wiki/Special:Search"")"
,,,,,,,"=HYPERLINK(""https://en.wikipedia.org/w/index.php?title=Special:CreateAccount&returnto=Meow"", ""Create account"")"
,,,,,,,"=HYPERLINK(""https://en.wikipedia.org/w/index.php?title=Special:UserLogin&returnto=Meow"", ""Log in"")"
,,,,,,,"=HYPERLINK(""https://en.wikipedia.org/w/index.php?title=Special:CreateAccount&returnto=Meow"", ""/w/index.php"")"
,,,,,,,"=HYPERLINK(""https://en.wikipedia.org/w/index.php?title=Special:UserLogin&returnto=Meow"", ""/w/index.php"")"
,,,,,,,"=HYPERLINK(""https://en.wikipedia.org/wiki/Help:Introduction"", ""/wiki/Help:Introduction"")"
,,,,,,,"=HYPERLINK(""https://en.wikipedia.org/wiki/Special:MyContributions"", ""/wiki/Special:MyContributions"")"
,,,,,,,"=HYPERLINK(""https://en.wikipedia.org/wiki/Special:MyTalk"", ""/wiki/Special:MyTalk"")"
,,,,,,,"=HYPERLINK(""https://en.wikipedia.org/wiki/Meow#"", ""(Top)"")"
,,,,,,,"=HYPERLINK(""https://en.wikipedia.org/wiki/Meow#Background_and_biological_details"", ""Background and biological details"")"
,,,,,,,"=HYPERLINK(""https://en.wikipedia.org/wiki/Meow#Etymology"", ""Etymology"")"
,,,,,,,"=HYPERLINK(""https://en.wikipedia.org/wiki/Meow#See_also"", ""See also"")"
,,,,,,,"=HYPERLINK(""https://en.wikipedia.org/wiki/Meow#References"", ""References"")"
,,,,,,,"=HYPERLINK(""https://ar.wikipedia.org/wiki/%D9%85%D9%88%D8%A7%D8%A1_(%D8%B5%D9%88%D8%AA_%D8%A7%D9%84%D9%82%D8%B7%D8%B7)"", ""/wiki/%D9%85%D9%88%D8%A7%D8%A1_(%D8%B5%D9%88%D8%AA_%D8%A7%D9%84%D9%82%D8%B7%D8%B7)"")"
,,,,,,,"=HYPERLINK(""https://an.wikipedia.org/wiki/Miulido"", ""/wiki/Miulido"")"
,,,,,,,"=HYPERLINK(""https://ca.wikipedia.org/wiki/Miau"", ""/wiki/Miau"")"
,,,,,,,"=HYPERLINK(""https://es.wikipedia.org/wiki/Maullido"", ""/wiki/Maullido"")"
,,,,,,,"=HYPERLINK(""https://eo.wikipedia.org/wiki/Mia%C5%AD"", ""/wiki/Mia%C5%AD"")"
,,,,,,,"=HYPERLINK(""https://eu.wikipedia.org/wiki/Miau"", ""/wiki/Miau"")"
,,,,,,,"=HYPERLINK(""https://fa.wikipedia.org/wiki/%D9%85%DB%8C%D9%88_(%D8%B5%D8%AF%D8%A7%DB%8C_%DA%AF%D8%B1%D8%A8%D9%87)"", ""/wiki/%D9%85%DB%8C%D9%88_(%D8%B5%D8%AF%D8%A7%DB%8C_%DA%AF%D8%B1%D8%A8%D9%87)"")"
,,,,,,,"=HYPERLINK(""https://fr.wikipedia.org/wiki/Miaulement"", ""/wiki/Miaulement"")"
,,,,,,,"=HYPERLINK(""https://id.wikipedia.org/wiki/Meong"", ""/wiki/Meong"")"
,,,,,,,"=HYPERLINK(""https://he.wikipedia.org/wiki/%D7%9E%D7%99%D7%90%D7%95"", ""/wiki/%D7%9E%D7%99%D7%90%D7%95"")"
,,,,,,,"=HYPERLINK(""https://pam.wikipedia.org/wiki/Ngeung"", ""/wiki/Ngeung"")"
,,,,,,,"=HYPERLINK(""https://nl.wikipedia.org/wiki/Miauwen"", ""/wiki/Miauwen"")"
,,,,,,,"=HYPERLINK(""https://nn.wikipedia.org/wiki/Mjauing"", ""/wiki/Mjauing"")"
,,,,,,,"=HYPERLINK(""https://pt.wikipedia.org/wiki/Miado"", ""/wiki/Miado"")"
,,,,,,,"=HYPERLINK(""https://ro.wikipedia.org/wiki/Mieunat"", ""/wiki/Mieunat"")"
,,,,,,,"=HYPERLINK(""https://ru.wikipedia.org/wiki/%D0%9C%D1%8F%D1%83"", ""/wiki/%D0%9C%D1%8F%D1%83"")"
,,,,,,,"=HYPERLINK(""https://simple.wikipedia.org/wiki/Meow"", ""/wiki/Meow"")"
,,,,,,,"=HYPERLINK(""https://fi.wikipedia.org/wiki/Naukuminen"", ""/wiki/Naukuminen"")"
,,,,,,,"=HYPERLINK(""https://tr.wikipedia.org/wiki/Miyav"", ""/wiki/Miyav"")"
,,,,,,,"=HYPERLINK(""https://uk.wikipedia.org/wiki/%D0%9D%D1%8F%D0%B2"", ""/wiki/%D0%9D%D1%8F%D0%B2"")"
,,,,,,,"=HYPERLINK(""https://ur.wikipedia.org/wiki/%D9%85%DB%8C%D8%A7%D8%A4%DA%BA"", ""/wiki/%D9%85%DB%8C%D8%A7%D8%A4%DA%BA"")"
,,,,,,,"=HYPERLINK(""https://vi.wikipedia.org/wiki/Meo"", ""/wiki/Meo"")"
,,,,,,,"=HYPERLINK(""https://zh-yue.wikipedia.org/wiki/%E5%96%B5"", ""/wiki/%E5%96%B5"")"
,,,,,,,"=HYPERLINK(""https://zh.wikipedia.org/wiki/%E5%96%B5"", ""/wiki/%E5%96%B5"")"
,,,,,,,"=HYPERLINK(""https://www.wikidata.org/wiki/Special:EntityPage/Q3307942#sitelinks-wikipedia"", ""/wiki/Special:EntityPage/Q3307942"")"
,,,,,,,"=HYPERLINK(""https://en.wikipedia.org/wiki/Meow"", ""Article"")"
,,,,,,,"=HYPERLINK(""https://en.wikipedia.org/wiki/Talk:Meow"", ""Talk"")"
,,,,,,,"=HYPERLINK(""https://en.wikipedia.org/wiki/Meow"", ""Read"")"
,,,,,,,"=HYPERLINK(""https://en.wikipedia.org/w/index.php?title=Meow&action=edit"", ""View source"")"
,,,,,,,"=HYPERLINK(""https://en.wikipedia.org/w/index.php?title=Meow&action=history"", ""View history"")"
,,,,,,,"=HYPERLINK(""https://en.wikipedia.org/wiki/Meow"", ""/wiki/Meow"")"
,,,,,,,"=HYPERLINK(""https://en.wikipedia.org/w/index.php?title=Meow&action=edit"", ""/w/index.php"")"
,,,,,,,"=HYPERLINK(""https://en.wikipedia.org/w/index.php?title=Meow&action=history"", ""/w/index.php"")"
,,,,,,,"=HYPERLINK(""https://en.wikipedia.org/wiki/Special:WhatLinksHere/Meow"", ""/wiki/Special:WhatLinksHere/Meow"")"
,,,,,,,"=HYPERLINK(""https://en.wikipedia.org/wiki/Special:RecentChangesLinked/Meow"", ""/wiki/Special:RecentChangesLinked/Meow"")"
,,,,,,,"=HYPERLINK(""https://en.wikipedia.org/wiki/Wikipedia:File_Upload_Wizard"", ""/wiki/Wikipedia:File_Upload_Wizard"")"
,,,,,,,"=HYPERLINK(""https://en.wikipedia.org/wiki/Special:SpecialPages"", ""/wiki/Special:SpecialPages"")"
,,,,,,,"=HYPERLINK(""https://en.wikipedia.org/w/index.php?title=Meow&oldid=1161997944"", ""/w/index.php"")"
,,,,,,,"=HYPERLINK(""https://en.wikipedia.org/w/index.php?title=Meow&action=info"", ""/w/index.php"")"
,,,,,,,"=HYPERLINK(""https://en.wikipedia.org/w/index.php?title=Special:CiteThisPage&page=Meow&id=1161997944&wpFormIdentifier=titleform"", ""/w/index.php"")"
,,,,,,,"=HYPERLINK(""https://www.wikidata.org/wiki/Special:EntityPage/Q3307942"", ""/wiki/Special:EntityPage/Q3307942"")"
,,,,,,,"=HYPERLINK(""https://www.wikidata.org/wiki/Special:EntityPage/Q3307942#sitelinks-wikipedia"", ""/wiki/Special:EntityPage/Q3307942"")"
,,,,,,,"=HYPERLINK(""https://en.wikipedia.org/w/index.php?title=Special:DownloadAsPdf&page=Meow&action=show-download-screen"", ""/w/index.php"")"
,,,,,,,"=HYPERLINK(""https://en.wikipedia.org/w/index.php?title=Meow&printable=yes"", ""/w/index.php"")"
,,,,,,,"=HYPERLINK(""https://commons.wikimedia.org/wiki/Category:Cats_meowing"", ""/wiki/Category:Cats_meowing"")"
,,,,,,,"=HYPERLINK(""https://en.wikipedia.org/wiki/Wikipedia:Protection_policy#semi"", ""/wiki/Wikipedia:Protection_policy"")"
,,,,,,,"=HYPERLINK(""https://en.wikipedia.org/wiki/Meow_(disambiguation)"", ""Meow (disambiguation)"")"
,,,,,,,"=HYPERLINK(""https://en.wikipedia.org/wiki/Miaow_(disambiguation)"", ""Miaow (disambiguation)"")"
,,,,,,,"=HYPERLINK(""https://en.wikipedia.org/wiki/File:Question_book-new.svg"", ""/wiki/File:Question_book-new.svg"")"
,,,,,,,"=HYPERLINK(""https://en.wikipedia.org/wiki/Wikipedia:Verifiability"", ""verification"")"
,,,,,,,"=HYPERLINK(""https://en.wikipedia.org/w/index.php?title=Meow&action=edit"", ""improve this article"")"
,,,,,,,"=HYPERLINK(""https://en.wikipedia.org/wiki/Help:Referencing_for_beginners"", ""adding citations to reliable sources"")"
,,,,,,,"=HYPERLINK(""https://www.google.com/search?as_eq=wikipedia&q=%22Meow%22"", ""Meow"")"
,,,,,,,"=HYPERLINK(""https://www.google.com/search?tbm=nws&q=%22Meow%22+-wikipedia&tbs=ar:1"", ""news"")"
,,,,,,,"=HYPERLINK(""https://www.google.com/search?&q=%22Meow%22&tbs=bkt:s&tbm=bks"", ""newspapers"")"
,,,,,,,"=HYPERLINK(""https://www.google.com/search?tbs=bks:1&q=%22Meow%22+-wikipedia"", ""books"")"
,,,,,,,"=HYPERLINK(""https://scholar.google.com/scholar?q=%22Meow%22"", ""scholar"")"
,,,,,,,"=HYPERLINK(""https://www.jstor.org/action/doBasicSearch?Query=%22Meow%22&acc=on&wc=on"", ""JSTOR"")"
,,,,,,,"=HYPERLINK(""https://en.wikipedia.org/wiki/Help:Maintenance_template_removal"", ""Learn how and when to remove this template message"")"
,,,,,,,"=HYPERLINK(""https://en.wikipedia.org/wiki/File:Meow.ogg"", ""Meow"")"
,,,,,,,"=HYPERLINK(""https://en.wikipedia.org/wiki/File:Meow.ogg"", ""/wiki/File:Meow.ogg"")"
,,,,,,,"=HYPERLINK(""https://en.wikipedia.org/wiki/Help:Media"", ""media help"")"
,,,,,,,"=HYPERLINK(""https://en.wikipedia.org/wiki/File:Meow_cat_-_Mdebona.jpg"", ""/wiki/File:Meow_cat_-_Mdebona.jpg"")"
,,,,,,,"=HYPERLINK(""https://en.wikipedia.org/wiki/Cat_communication"", ""cat vocalization"")"
,,,,,,,"=HYPERLINK(""https://en.wikipedia.org/wiki/Sound"", ""sound"")"
,,,,,,,"=HYPERLINK(""https://en.wikipedia.org/wiki/Human_being"", ""human beings"")"
,,,,,,,"=HYPERLINK(""https://en.wikipedia.org/wiki/Animal_domestication"", ""post-domestication"")"
,,,,,,,"=HYPERLINK(""https://en.wikipedia.org/wiki/Kitten"", ""kittens"")"
,,,,,,,"=HYPERLINK(""https://en.wikipedia.org/wiki/Meow#cite_note-ASPCA-1"", ""[1]"")"
,,,,,,,"=HYPERLINK(""https://en.wikipedia.org/wiki/Sense_of_smell"", ""sense of smell"")"
,,,,,,,"=HYPERLINK(""https://en.wikipedia.org/wiki/Meow#cite_note-live-2"", ""[2]"")"
,,,,,,,"=HYPERLINK(""https://en.wikipedia.org/wiki/Meow#cite_note-Schotz-3"", ""[3]"")"
,,,,,,,"=HYPERLINK(""https://en.wikipedia.org/wiki/Meow#cite_note-Miller-4"", ""[4]"")"
,,,,,,,"=HYPERLINK(""https://en.wikipedia.org/wiki/Meow#cite_note-Schotz-3"", ""[3]"")"
,,,,,,,"=HYPERLINK(""https://en.wikipedia.org/wiki/Meow#cite_note-Brown-5"", ""[5]"")"
,,,,,,,"=HYPERLINK(""https://en.wikipedia.org/wiki/Mouth"", ""mouth"")"
,,,,,,,"=HYPERLINK(""https://en.wikipedia.org/wiki/Meow#cite_note-Bradshaw-6"", ""[6]"")"
,,,,,,,"=HYPERLINK(""https://en.wikipedia.org/wiki/The_Purrington_Post"", ""The Purrington Post"")"
,,,,,,,"=HYPERLINK(""https://en.wikipedia.org/wiki/Meow#cite_note-7"", ""[7]"")"
,,,,,,,"=HYPERLINK(""https://en.wikipedia.org/wiki/Human_communication"", ""human communication"")"
,,,,,,,"=HYPERLINK(""https://en.wikipedia.org/wiki/Meow#cite_note-live-2"", ""[2]"")"
,,,,,,,"=HYPERLINK(""https://en.wikipedia.org/wiki/American_English"", ""American English"")"
,,,,,,,"=HYPERLINK(""https://en.wikipedia.org/wiki/Early_Modern_English"", ""Early Modern English"")"
,,,,,,,"=HYPERLINK(""https://en.wikipedia.org/wiki/Meow#cite_note-8"", ""[8]"")"
,,,,,,,"=HYPERLINK(""https://en.wikipedia.org/wiki/File:Cat03.jpg"", ""/wiki/File:Cat03.jpg"")"
,,,,,,,"=HYPERLINK(""https://en.wikipedia.org/wiki/Portal:Cats"", ""Cats portal"")"
,,,,,,,"=HYPERLINK(""https://en.wikipedia.org/wiki/Cat_communication"", ""Cat communication"")"
,,,,,,,"=HYPERLINK(""https://en.wikipedia.org/wiki/Cross-linguistic_onomatopoeias"", ""Cross-linguistic onomatopoeias"")"
,,,,,,,"=HYPERLINK(""https://en.wikipedia.org/wiki/Devocalization"", ""Devocalization"")"
,,,,,,,"=HYPERLINK(""https://en.wikipedia.org/wiki/Felinology"", ""Felinology"")"
,,,,,,,"=HYPERLINK(""https://en.wikipedia.org/wiki/List_of_animal_sounds"", ""List of animal sounds"")"
,,,,,,,"=HYPERLINK(""https://en.wikipedia.org/wiki/Miao_(disambiguation)"", ""Miao (disambiguation)"")"
,,,,,,,"=HYPERLINK(""https://en.wiktionary.org/wiki/Special:Search/meow"", ""meow"")"
,,,,,,,"=HYPERLINK(""https://commons.wikimedia.org/wiki/Category:Cats_meowing"", ""Cats meowing"")"
,,,,,,,"=HYPERLINK(""https://en.wikipedia.org/wiki/Meow#cite_ref-ASPCA_1-0"", ""^"")"
,,,,,,,"=HYPERLINK(""http://www.aspca.org/Pet-care/virtual-pet-behaviorist/cat-articles/meowing-and-yowling"", ""Meowing and Yowling"")"
,,,,,,,"=HYPERLINK(""https://en.wikipedia.org/wiki/ASPCA"", ""ASPCA"")"
,,,,,,,"=HYPERLINK(""https://web.archive.org/web/20120906042705/http://www.aspca.org/Pet-care/virtual-pet-behaviorist/cat-articles/meowing-and-yowling"", ""Archived"")"
,,,,,,,"=HYPERLINK(""https://en.wikipedia.org/wiki/Meow#cite_ref-live_2-0"", ""a"")"
,,,,,,,"=HYPERLINK(""https://en.wikipedia.org/wiki/Meow#cite_ref-live_2-1"", ""b"")"
,,,,,,,"=HYPERLINK(""https://www.livescience.com/why-cats-meow.html"", ""Why do cats meow"")"
,,,,,,,"=HYPERLINK(""https://en.wikipedia.org/wiki/Live_Science"", ""Live Science"")"
,,,,,,,"=HYPERLINK(""https://web.archive.org/web/20230610221136/https://www.livescience.com/why-cats-meow.html"", ""Archived"")"
,,,,,,,"=HYPERLINK(""https://en.wikipedia.org/wiki/Meow#cite_ref-Schotz_3-0"", ""a"")"
,,,,,,,"=HYPERLINK(""https://en.wikipedia.org/wiki/Meow#cite_ref-Schotz_3-1"", ""b"")"
,,,,,,,"=HYPERLINK(""http://vihar-2017.vihar.org/assets/papers/VIHAR-2017_paper_5.pdf"", ""Phonetic Characteristics of Domestic Cat Vocalisations"")"
,,,,,,,"=HYPERLINK(""http://vihar-2017.vihar.org/assets/vihar2017_proceedings.pdf"", ""1st Intl. Workshop on Vocal interactivity in-and-between Humans, Animals and Robots"")"
,,,,,,,"=HYPERLINK(""https://en.wikipedia.org/wiki/ISBN_(identifier)"", ""ISBN"")"
,,,,,,,"=HYPERLINK(""https://en.wikipedia.org/wiki/Special:BookSources/978-2-9562029-0-5"", ""978-2-9562029-0-5"")"
,,,,,,,"=HYPERLINK(""https://en.wikipedia.org/wiki/Meow#cite_ref-Miller_4-0"", ""^"")"
,,,,,,,"=HYPERLINK(""https://web.archive.org/web/20131105054544/http://www.associationofanimalbehaviorprofessionals.com/whisker_whispers.html"", ""Whisker whispers"")"
,,,,,,,"=HYPERLINK(""http://www.associationofanimalbehaviorprofessionals.com/whisker_whispers.html"", ""the original"")"
,,,,,,,"=HYPERLINK(""https://en.wikipedia.org/wiki/Meow#cite_ref-Brown_5-0"", ""^"")"
,,,,,,,"=HYPERLINK(""https://en.wikipedia.org/wiki/Doi_(identifier)"", ""doi"")"
,,,,,,,"=HYPERLINK(""https://doi.org/10.1002%2Fdev.420110605"", ""10.1002/dev.420110605"")"
,,,,,,,"=HYPERLINK(""https://en.wikipedia.org/wiki/PMID_(identifier)"", ""PMID"")"
,,,,,,,"=HYPERLINK(""https://pubmed.ncbi.nlm.nih.gov/720761"", ""720761"")"
,,,,,,,"=HYPERLINK(""https://en.wikipedia.org/wiki/Meow#cite_ref-Bradshaw_6-0"", ""^"")"
,,,,,,,"=HYPERLINK(""https://en.wikipedia.org/wiki/Doi_(identifier)"", ""doi"")"
,,,,,,,"=HYPERLINK(""https://doi.org/10.1016%2Fj.jveb.2015.09.004"", ""10.1016/j.jveb.2015.09.004"")"
,,,,,,,"=HYPERLINK(""https://en.wikipedia.org/wiki/ISSN_(identifier)"", ""ISSN"")"
,,,,,,,"=HYPERLINK(""https://www.worldcat.org/issn/1558-7878"", ""1558-7878"")"
,,,,,,,"=HYPERLINK(""https://en.wikipedia.org/wiki/Meow#cite_ref-7"", ""^"")"
,,,,,,,"=HYPERLINK(""https://www.romper.com/p/do-cats-smile-heres-how-to-tell-your-cat-is-happy-at-least-on-the-inside-9254812"", ""Do Cats Smile? Here's How To Tell Your Cat Is Happy, At Least On The Inside By Shari Maurer"")"
,,,,,,,"=HYPERLINK(""https://web.archive.org/web/20201111162619/https://www.romper.com/p/do-cats-smile-heres-how-to-tell-your-cat-is-happy-at-least-on-the-inside-9254812"", ""Archived"")"
,,,,,,,"=HYPERLINK(""https://en.wikipedia.org/wiki/Wayback_Machine"", ""Wayback Machine"")"
,,,,,,,"=HYPERLINK(""https://en.wikipedia.org/wiki/Meow#cite_ref-8"", ""^"")"
,,,,,,,"=HYPERLINK(""http://www.etymonline.com/word/meow"", ""Meow"")"
,,,,,,,"=HYPERLINK(""https://web.archive.org/web/20171018133536/http://www.etymonline.com/word/meow"", ""Archived"")"
,,,,,,,"=HYPERLINK(""https://en.wikipedia.org/wiki/Template:Domestic_cat"", ""v"")"
,,,,,,,"=HYPERLINK(""https://en.wikipedia.org/wiki/Template_talk:Domestic_cat"", ""t"")"
,,,,,,,"=HYPERLINK(""https://en.wikipedia.org/w/index.php?title=Template:Domestic_cat&action=edit"", ""e"")"
,,,,,,,"=HYPERLINK(""https://en.wikipedia.org/wiki/Cat"", ""Domestic cats"")"
,,,,,,,"=HYPERLINK(""https://en.wikipedia.org/wiki/Felinology"", ""Felinology"")"
,,,,,,,"=HYPERLINK(""https://en.wikipedia.org/wiki/Cat_anatomy"", ""Anatomy"")"
,,,,,,,"=HYPERLINK(""https://en.wikipedia.org/wiki/Cat_genetics"", ""Genetics"")"
,,,,,,,"=HYPERLINK(""https://en.wikipedia.org/wiki/Dwarf_cat"", ""Dwarf cat"")"
,,,,,,,"=HYPERLINK(""https://en.wikipedia.org/wiki/Kitten"", ""Kitten"")"
,,,,,,,"=HYPERLINK(""https://en.wikipedia.org/wiki/Odd-eyed_cat"", ""Odd-eyed cat"")"
,,,,,,,"=HYPERLINK(""https://en.wikipedia.org/wiki/Squitten"", ""Squitten"")"
,,,,,,,"=HYPERLINK(""https://en.wikipedia.org/wiki/Cat_coat_genetics"", ""Coat genetics"")"
,,,,,,,"=HYPERLINK(""https://en.wikipedia.org/wiki/Bicolor_cat"", ""Bicolor cat"")"
,,,,,,,"=HYPERLINK(""https://en.wikipedia.org/wiki/Black_cat"", ""Black cat"")"
,,,,,,,"=HYPERLINK(""https://en.wikipedia.org/wiki/Calico_cat"", ""Calico cat"")"
,,,,,,,"=HYPERLINK(""https://en.wikipedia.org/wiki/Tabby_cat"", ""Tabby cat"")"
,,,,,,,"=HYPERLINK(""https://en.wikipedia.org/wiki/Tortoiseshell_cat"", ""Tortoiseshell cat"")"
,,,,,,,"=HYPERLINK(""https://en.wikipedia.org/wiki/Cat_health"", ""Health"")"
,,,,,,,"=HYPERLINK(""https://en.wikipedia.org/wiki/Aging_in_cats"", ""Aging"")"
,,,,,,,"=HYPERLINK(""https://en.wikipedia.org/wiki/Onychectomy"", ""Declawing"")"
,,,,,,,"=HYPERLINK(""https://en.wikipedia.org/wiki/Cat_food"", ""Diet"")"
,,,,,,,"=HYPERLINK(""https://en.wikipedia.org/wiki/Dental_health_diets_for_cats"", ""dental health"")"
,,,,,,,"=HYPERLINK(""https://en.wikipedia.org/wiki/Senior_cat_diet"", ""senior"")"
,,,,,,,"=HYPERLINK(""https://en.wikipedia.org/wiki/Feline_vaccination"", ""Vaccination"")"
,,,,,,,"=HYPERLINK(""https://en.wikipedia.org/wiki/Cat_behavior"", ""Behavior"")"
,,,,,,,"=HYPERLINK(""https://en.wikipedia.org/wiki/Cat%E2%80%93dog_relationship"", ""Cat–dog relationship"")"
,,,,,,,"=HYPERLINK(""https://en.wikipedia.org/wiki/Cat_communication"", ""Catfight"")"
,,,,,,,"=HYPERLINK(""https://en.wikipedia.org/wiki/Catnip"", ""Catnip"")"
,,,,,,,"=HYPERLINK(""https://en.wikipedia.org/wiki/Valerian_(herb)"", ""valerian"")"
,,,,,,,"=HYPERLINK(""https://en.wikipedia.org/wiki/Cat_communication"", ""Communication"")"
,,,,,,,"=HYPERLINK(""None"", ""Meow"")"
,,,,,,,"=HYPERLINK(""https://en.wikipedia.org/wiki/Purr"", ""Purr"")"
,,,,,,,"=HYPERLINK(""https://en.wikipedia.org/wiki/Kneading_(cats)"", ""Kneading"")"
,,,,,,,"=HYPERLINK(""https://en.wikipedia.org/wiki/Cat_intelligence"", ""Intelligence"")"
,,,,,,,"=HYPERLINK(""https://en.wikipedia.org/wiki/Cat_play_and_toys"", ""Play and toys"")"
,,,,,,,"=HYPERLINK(""https://en.wikipedia.org/wiki/Cat_righting_reflex"", ""Righting reflex"")"
,,,,,,,"=HYPERLINK(""https://en.wikipedia.org/wiki/Cat_senses"", ""Senses"")"
,,,,,,,"=HYPERLINK(""https://en.wikipedia.org/wiki/Human_interaction_with_cats"", ""Human–cat
interaction"")"
,,,,,,,"=HYPERLINK(""https://en.wikipedia.org/wiki/Ailurophobia"", ""Ailurophobia"")"
,,,,,,,"=HYPERLINK(""https://en.wikipedia.org/wiki/Cat_caf%C3%A9"", ""Cat cafés"")"
,,,,,,,"=HYPERLINK(""https://en.wikipedia.org/wiki/Cat_massage"", ""Cat massage"")"
,,,,,,,"=HYPERLINK(""https://en.wikipedia.org/wiki/Cat_meat"", ""Cat meat"")"
,,,,,,,"=HYPERLINK(""https://en.wikipedia.org/wiki/Cat-scratch_disease"", ""Cat-scratch disease"")"
,,,,,,,"=HYPERLINK(""https://en.wikipedia.org/wiki/Cat_show"", ""Cat show"")"
,,,,,,,"=HYPERLINK(""https://en.wikipedia.org/wiki/Cats_in_ancient_Egypt"", ""Cats in ancient Egypt"")"
,,,,,,,"=HYPERLINK(""https://en.wikipedia.org/wiki/Cultural_depictions_of_cats"", ""Cultural depictions"")"
,,,,,,,"=HYPERLINK(""https://en.wikipedia.org/wiki/List_of_fictional_felines"", ""fictional"")"
,,,,,,,"=HYPERLINK(""https://en.wikipedia.org/wiki/Cats_and_the_Internet"", ""Internet"")"
,,,,,,,"=HYPERLINK(""https://en.wikipedia.org/wiki/Feral_cat"", ""Feral cat"")"
,,,,,,,"=HYPERLINK(""https://en.wikipedia.org/wiki/Islam_and_cats"", ""Cats and Islam"")"
,,,,,,,"=HYPERLINK(""https://en.wikipedia.org/wiki/Lolcat"", ""Lolcat"")"
,,,,,,,"=HYPERLINK(""https://en.wikipedia.org/wiki/National_Cat_Day"", ""National Cat Day"")"
,,,,,,,"=HYPERLINK(""https://en.wikipedia.org/wiki/Pet"", ""Pet cat"")"
,,,,,,,"=HYPERLINK(""https://en.wikipedia.org/wiki/Puppy_cat"", ""Puppy cat"")"
,,,,,,,"=HYPERLINK(""https://en.wikipedia.org/wiki/Working_cat"", ""Working cat"")"
,,,,,,,"=HYPERLINK(""https://en.wikipedia.org/wiki/Bodega_cat"", ""Bodega cat"")"
,,,,,,,"=HYPERLINK(""https://en.wikipedia.org/wiki/Farm_cat"", ""Farm cat"")"
,,,,,,,"=HYPERLINK(""https://en.wikipedia.org/wiki/Library_cat"", ""Library cat"")"
,,,,,,,"=HYPERLINK(""https://en.wikipedia.org/wiki/Ship%27s_cat"", ""Ship's cat"")"
,,,,,,,"=HYPERLINK(""https://en.wikipedia.org/wiki/Feline_zoonosis"", ""Zoonosis"")"
,,,,,,,"=HYPERLINK(""https://en.wikipedia.org/wiki/Cat_registry"", ""Registries"")"
,,,,,,,"=HYPERLINK(""https://en.wikipedia.org/wiki/American_Cat_Fanciers_Association"", ""American Cat Fanciers Association"")"
,,,,,,,"=HYPERLINK(""https://en.wikipedia.org/wiki/Associazione_Nazionale_Felina_Italiana"", ""Associazione Nazionale Felina Italiana"")"
,,,,,,,"=HYPERLINK(""https://en.wikipedia.org/wiki/Canadian_Cat_Association"", ""Canadian Cat Association"")"
,,,,,,,"=HYPERLINK(""https://en.wikipedia.org/wiki/Cat_Aficionado_Association"", ""Cat Aficionado Association"")"
,,,,,,,"=HYPERLINK(""https://en.wikipedia.org/wiki/Cat_Fanciers%27_Association"", ""Cat Fanciers' Association"")"
,,,,,,,"=HYPERLINK(""https://en.wikipedia.org/wiki/F%C3%A9d%C3%A9ration_Internationale_F%C3%A9line"", ""Fédération Internationale Féline"")"
,,,,,,,"=HYPERLINK(""https://en.wikipedia.org/wiki/Governing_Council_of_the_Cat_Fancy"", ""Governing Council of the Cat Fancy"")"
,,,,,,,"=HYPERLINK(""https://en.wikipedia.org/wiki/New_Zealand_Cat_Fancy"", ""New Zealand Cat Fancy"")"
,,,,,,,"=HYPERLINK(""https://en.wikipedia.org/wiki/Southern_Africa_Cat_Council"", ""Southern Africa Cat Council"")"
,,,,,,,"=HYPERLINK(""https://en.wikipedia.org/wiki/The_International_Cat_Association"", ""The International Cat Association"")"
,,,,,,,"=HYPERLINK(""https://en.wikipedia.org/wiki/World_Cat_Congress"", ""World Cat Congress"")"
,,,,,,,"=HYPERLINK(""https://en.wikipedia.org/wiki/World_Cat_Federation"", ""World Cat Federation"")"
,,,,,,,"=HYPERLINK(""https://en.wikipedia.org/wiki/List_of_cat_breeds"", ""full list"")"
,,,,,,,"=HYPERLINK(""https://en.wikipedia.org/wiki/List_of_experimental_cat_breeds"", ""experimental"")"
,,,,,,,"=HYPERLINK(""https://en.wikipedia.org/wiki/Abyssinian_cat"", ""Abyssinian"")"
,,,,,,,"=HYPERLINK(""https://en.wikipedia.org/wiki/American_Curl"", ""American Curl"")"
,,,,,,,"=HYPERLINK(""https://en.wikipedia.org/wiki/American_Shorthair"", ""American Shorthair"")"
,,,,,,,"=HYPERLINK(""https://en.wikipedia.org/wiki/Balinese_cat"", ""Balinese"")"
,,,,,,,"=HYPERLINK(""https://en.wikipedia.org/wiki/Brazilian_Shorthair"", ""Brazilian Shorthair"")"
,,,,,,,"=HYPERLINK(""https://en.wikipedia.org/wiki/British_Shorthair"", ""British Shorthair"")"
,,,,,,,"=HYPERLINK(""https://en.wikipedia.org/wiki/Birman"", ""Birman"")"
,,,,,,,"=HYPERLINK(""https://en.wikipedia.org/wiki/Bombay_cat"", ""Bombay"")"
,,,,,,,"=HYPERLINK(""https://en.wikipedia.org/wiki/Burmese_cat"", ""Burmese"")"
,,,,,,,"=HYPERLINK(""https://en.wikipedia.org/wiki/Burmilla"", ""Burmilla"")"
,,,,,,,"=HYPERLINK(""https://en.wikipedia.org/wiki/California_Spangled"", ""California Spangled"")"
,,,,,,,"=HYPERLINK(""https://en.wikipedia.org/wiki/Chartreux"", ""Chartreux"")"
,,,,,,,"=HYPERLINK(""https://en.wikipedia.org/wiki/Dragon_Li"", ""Chinese Li Hua"")"
,,,,,,,"=HYPERLINK(""https://en.wikipedia.org/wiki/Colorpoint_Shorthair"", ""Colorpoint Shorthair"")"
,,,,,,,"=HYPERLINK(""https://en.wikipedia.org/wiki/Cornish_Rex"", ""Cornish Rex"")"
,,,,,,,"=HYPERLINK(""https://en.wikipedia.org/wiki/Cymric_cat"", ""Cymric"")"
,,,,,,,"=HYPERLINK(""https://en.wikipedia.org/wiki/Devon_Rex"", ""Devon Rex"")"
,,,,,,,"=HYPERLINK(""https://en.wikipedia.org/wiki/Donskoy_cat"", ""Donskoy"")"
,,,,,,,"=HYPERLINK(""https://en.wikipedia.org/wiki/Egyptian_Mau"", ""Egyptian Mau"")"
,,,,,,,"=HYPERLINK(""https://en.wikipedia.org/wiki/European_Shorthair"", ""European Shorthair"")"
,,,,,,,"=HYPERLINK(""https://en.wikipedia.org/wiki/Exotic_Shorthair"", ""Exotic Shorthair"")"
,,,,,,,"=HYPERLINK(""https://en.wikipedia.org/wiki/German_Rex"", ""German Rex"")"
,,,,,,,"=HYPERLINK(""https://en.wikipedia.org/wiki/Himalayan_cat"", ""Himalayan"")"
,,,,,,,"=HYPERLINK(""https://en.wikipedia.org/wiki/Japanese_Bobtail"", ""Japanese Bobtail"")"
,,,,,,,"=HYPERLINK(""https://en.wikipedia.org/wiki/Javanese_cat"", ""Javanese"")"
,,,,,,,"=HYPERLINK(""https://en.wikipedia.org/wiki/Khao_Manee"", ""Khao Manee"")"
,,,,,,,"=HYPERLINK(""https://en.wikipedia.org/wiki/Korat"", ""Korat"")"
,,,,,,,"=HYPERLINK(""https://en.wikipedia.org/wiki/Kurilian_Bobtail"", ""Kurilian Bobtail"")"
,,,,,,,"=HYPERLINK(""https://en.wikipedia.org/wiki/Lykoi"", ""Lykoi"")"
,,,,,,,"=HYPERLINK(""https://en.wikipedia.org/wiki/Maine_Coon"", ""Maine Coon"")"
,,,,,,,"=HYPERLINK(""https://en.wikipedia.org/wiki/Manx_cat"", ""Manx"")"
,,,,,,,"=HYPERLINK(""https://en.wikipedia.org/wiki/Munchkin_cat"", ""Munchkin"")"
,,,,,,,"=HYPERLINK(""https://en.wikipedia.org/wiki/Neva_Masquerade"", ""Neva Masquerade"")"
,,,,,,,"=HYPERLINK(""https://en.wikipedia.org/wiki/Norwegian_Forest_cat"", ""Norwegian Forest"")"
,,,,,,,"=HYPERLINK(""https://en.wikipedia.org/wiki/Ocicat"", ""Ocicat"")"
,,,,,,,"=HYPERLINK(""https://en.wikipedia.org/wiki/Ojos_Azules"", ""Ojos Azules"")"
,,,,,,,"=HYPERLINK(""https://en.wikipedia.org/wiki/Oriental_Shorthair"", ""Oriental Shorthair"")"
,,,,,,,"=HYPERLINK(""https://en.wikipedia.org/wiki/Persian_cat"", ""Persian"")"
,,,,,,,"=HYPERLINK(""https://en.wikipedia.org/wiki/Peterbald"", ""Peterbald"")"
,,,,,,,"=HYPERLINK(""https://en.wikipedia.org/wiki/Pixie-bob"", ""Pixie-bob"")"
,,,,,,,"=HYPERLINK(""https://en.wikipedia.org/wiki/Ragdoll"", ""Ragdoll"")"
,,,,,,,"=HYPERLINK(""https://en.wikipedia.org/wiki/Ragamuffin_cat"", ""Ragamuffin"")"
,,,,,,,"=HYPERLINK(""https://en.wikipedia.org/wiki/Russian_Blue"", ""Russian Blue"")"
,,,,,,,"=HYPERLINK(""https://en.wikipedia.org/wiki/Scottish_Fold"", ""Scottish Fold"")"
,,,,,,,"=HYPERLINK(""https://en.wikipedia.org/wiki/Selkirk_Rex"", ""Selkirk Rex"")"
,,,,,,,"=HYPERLINK(""https://en.wikipedia.org/wiki/Siamese_cat"", ""Siamese"")"
,,,,,,,"=HYPERLINK(""https://en.wikipedia.org/wiki/Siberian_cat"", ""Siberian"")"
,,,,,,,"=HYPERLINK(""https://en.wikipedia.org/wiki/Singapura_cat"", ""Singapura"")"
,,,,,,,"=HYPERLINK(""https://en.wikipedia.org/wiki/Snowshoe_cat"", ""Snowshoe"")"
,,,,,,,"=HYPERLINK(""https://en.wikipedia.org/wiki/Somali_cat"", ""Somali"")"
,,,,,,,"=HYPERLINK(""https://en.wikipedia.org/wiki/Sphynx_cat"", ""Sphynx"")"
,,,,,,,"=HYPERLINK(""https://en.wikipedia.org/wiki/Thai_cat"", ""Thai"")"
,,,,,,,"=HYPERLINK(""https://en.wikipedia.org/wiki/Traditional_Persian"", ""Traditional Persian"")"
,,,,,,,"=HYPERLINK(""https://en.wikipedia.org/wiki/Tonkinese_cat"", ""Tonkinese"")"
,,,,,,,"=HYPERLINK(""https://en.wikipedia.org/wiki/Toyger"", ""Toyger"")"
,,,,,,,"=HYPERLINK(""https://en.wikipedia.org/wiki/Turkish_Angora"", ""Turkish Angora"")"
,,,,,,,"=HYPERLINK(""https://en.wikipedia.org/wiki/Turkish_Van"", ""Turkish Van"")"
,,,,,,,"=HYPERLINK(""https://en.wikipedia.org/wiki/Bengal_cat"", ""Bengal"")"
,,,,,,,"=HYPERLINK(""https://en.wikipedia.org/wiki/Chausie"", ""Chausie"")"
,,,,,,,"=HYPERLINK(""https://en.wikipedia.org/wiki/Highlander_cat"", ""Highlander"")"
,,,,,,,"=HYPERLINK(""https://en.wikipedia.org/wiki/Savannah_cat"", ""Savannah"")"
,,,,,,,"=HYPERLINK(""https://en.wikipedia.org/wiki/Serengeti_cat"", ""Serengeti"")"
,,,,,,,"=HYPERLINK(""https://en.wikipedia.org/wiki/Landrace"", ""Landraces"")"
,,,,,,,"=HYPERLINK(""https://en.wikipedia.org/wiki/Aegean_cat"", ""Aegean"")"
,,,,,,,"=HYPERLINK(""https://en.wikipedia.org/wiki/Cyprus_cat"", ""Cyprus"")"
,,,,,,,"=HYPERLINK(""https://en.wikipedia.org/wiki/Domestic_long-haired_cat"", ""Domestic long-haired"")"
,,,,,,,"=HYPERLINK(""https://en.wikipedia.org/wiki/Domestic_short-haired_cat"", ""Domestic short-haired"")"
,,,,,,,"=HYPERLINK(""https://en.wikipedia.org/wiki/Kellas_cat"", ""Kellas"")"
,,,,,,,"=HYPERLINK(""https://en.wikipedia.org/wiki/Sokoke"", ""Sokoke"")"
,,,,,,,"=HYPERLINK(""https://en.wikipedia.org/wiki/Van_cat"", ""Van"")"
,,,,,,,"=HYPERLINK(""https://en.wikipedia.org/wiki/List_of_feline_diseases"", ""Diseases and
disorders"")"
,,,,,,,"=HYPERLINK(""https://en.wikipedia.org/wiki/Feline_acne"", ""Acne"")"
,,,,,,,"=HYPERLINK(""https://en.wikipedia.org/wiki/Feline_asthma"", ""Asthma"")"
,,,,,,,"=HYPERLINK(""https://en.wikipedia.org/wiki/Feline_calicivirus"", ""Calicivirus"")"
,,,,,,,"=HYPERLINK(""https://en.wikipedia.org/wiki/Congenital_sensorineural_deafness_in_cats"", ""Congenital sensorineural deafness"")"
,,,,,,,"=HYPERLINK(""https://en.wikipedia.org/wiki/Feline_corneal_sequestrum"", ""Feline corneal sequestrum"")"
,,,,,,,"=HYPERLINK(""https://en.wikipedia.org/wiki/Cat_flea"", ""Flea"")"
,,,,,,,"=HYPERLINK(""https://en.wikipedia.org/wiki/Coccidia"", ""Coccidia"")"
,,,,,,,"=HYPERLINK(""https://en.wikipedia.org/wiki/Dirofilaria_immitis"", ""Heartworm"")"
,,,,,,,"=HYPERLINK(""https://en.wikipedia.org/wiki/Feline_hepatic_lipidosis"", ""Hepatic lipidosis"")"
,,,,,,,"=HYPERLINK(""https://en.wikipedia.org/wiki/Hypertrophic_cardiomyopathy#Related_disorders"", ""Hypertrophic cardiomyopathy"")"
,,,,,,,"=HYPERLINK(""https://en.wikipedia.org/wiki/Feline_immunodeficiency_virus"", ""Immunodeficiency virus"")"
,,,,,,,"=HYPERLINK(""https://en.wikipedia.org/wiki/Feline_infectious_peritonitis"", ""Infectious peritonitis"")"
,,,,,,,"=HYPERLINK(""https://en.wikipedia.org/wiki/Feline_leukemia_virus"", ""Leukemia virus"")"
,,,,,,,"=HYPERLINK(""https://en.wikipedia.org/wiki/Feline_lower_urinary_tract_disease"", ""Lower urinary tract disease"")"
,,,,,,,"=HYPERLINK(""https://en.wikipedia.org/wiki/Carnivore_protoparvovirus_1"", ""Panleukopenia"")"
,,,,,,,"=HYPERLINK(""https://en.wikipedia.org/wiki/Giardiasis"", ""Giardiasis"")"
,,,,,,,"=HYPERLINK(""https://en.wikipedia.org/wiki/Polydactyl_cat"", ""Polydactyly"")"
,,,,,,,"=HYPERLINK(""https://en.wikipedia.org/wiki/Rabies_in_animals"", ""Rabies"")"
,,,,,,,"=HYPERLINK(""https://en.wikipedia.org/wiki/Dermatophytosis"", ""Ringworm"")"
,,,,,,,"=HYPERLINK(""https://en.wikipedia.org/wiki/Tritrichomonas_foetus"", ""Tritrichomonas foetus"")"
,,,,,,,"=HYPERLINK(""https://en.wikipedia.org/wiki/Toxocara_cati"", ""Roundworm"")"
,,,,,,,"=HYPERLINK(""https://en.wikipedia.org/wiki/Cat_skin_disorders"", ""Skin disorders"")"
,,,,,,,"=HYPERLINK(""https://en.wikipedia.org/wiki/Tick"", ""Tick"")"
,,,,,,,"=HYPERLINK(""https://en.wikipedia.org/wiki/Toxoplasmosis"", ""Toxoplasmosis"")"
,,,,,,,"=HYPERLINK(""https://en.wikipedia.org/wiki/Feline_viral_rhinotracheitis"", ""Viral rhinotracheitis"")"
,,,,,,,"=HYPERLINK(""https://en.wikipedia.org/wiki/Category:Cats_by_country"", ""Cats by country"")"
,,,,,,,"=HYPERLINK(""https://en.wikipedia.org/wiki/Cats_in_Australia"", ""Australia"")"
,,,,,,,"=HYPERLINK(""https://en.wikipedia.org/wiki/Category:Cats_in_Canada"", ""Canada"")"
,,,,,,,"=HYPERLINK(""https://en.wikipedia.org/wiki/Category:Cats_in_Japan"", ""Japan"")"
,,,,,,,"=HYPERLINK(""https://en.wikipedia.org/wiki/Cats_in_New_Zealand"", ""New Zealand"")"
,,,,,,,"=HYPERLINK(""https://en.wikipedia.org/wiki/Category:Cats_in_the_United_Kingdom"", ""United Kingdom"")"
,,,,,,,"=HYPERLINK(""https://en.wikipedia.org/wiki/Cats_in_the_United_States"", ""United States"")"
,,,,,,,"=HYPERLINK(""https://en.wikipedia.org/wiki/List_of_individual_cats"", ""List of individual cats"")"
,,,,,,,"=HYPERLINK(""https://en.wikipedia.org/wiki/List_of_oldest_cats"", ""List of oldest cats"")"
,,,,,,,"=HYPERLINK(""https://en.wikipedia.org/wiki/Category:Cat_folklore"", ""Cats in folklore"")"
,,,,,,,"=HYPERLINK(""https://en.wikipedia.org/wiki/Category:Cats"", ""Category"")"
,,,,,,,"=HYPERLINK(""https://en.wikipedia.org/wiki/File:Catty.svg"", ""/wiki/File:Catty.svg"")"
,,,,,,,"=HYPERLINK(""https://en.wikipedia.org/wiki/Felidae"", ""felid"")"
,,,,,,,"=HYPERLINK(""https://en.wikipedia.org/wiki/Wikipedia:Stub"", ""stub"")"
,,,,,,,"=HYPERLINK(""https://en.wikipedia.org/w/index.php?title=Meow&action=edit"", ""expanding it"")"
,,,,,,,"=HYPERLINK(""https://en.wikipedia.org/wiki/Template:Feline-stub"", ""/wiki/Template:Feline-stub"")"
,,,,,,,"=HYPERLINK(""https://en.wikipedia.org/wiki/Template_talk:Feline-stub"", ""/wiki/Template_talk:Feline-stub"")"
,,,,,,,"=HYPERLINK(""https://en.wikipedia.org/w/index.php?title=Template:Feline-stub&action=edit"", ""/w/index.php"")"
,,,,,,,"=HYPERLINK(""https://en.wikipedia.org/w/index.php?title=Meow&oldid=1161997944"", ""/w/index.php"")"
,,,,,,,"=HYPERLINK(""https://en.wikipedia.org/wiki/Help:Category"", ""Categories"")"
,,,,,,,"=HYPERLINK(""https://en.wikipedia.org/wiki/Category:Animal_sounds"", ""Animal sounds"")"
,,,,,,,"=HYPERLINK(""https://en.wikipedia.org/wiki/Category:Cat_behavior"", ""Cat behavior"")"
,,,,,,,"=HYPERLINK(""https://en.wikipedia.org/wiki/Category:Onomatopoeia"", ""Onomatopoeia"")"
,,,,,,,"=HYPERLINK(""https://en.wikipedia.org/wiki/Category:Feline_stubs"", ""Feline stubs"")"
,,,,,,,"=HYPERLINK(""https://en.wikipedia.org/wiki/Category:Webarchive_template_wayback_links"", ""/wiki/Category:Webarchive_template_wayback_links"")"
,,,,,,,"=HYPERLINK(""https://en.wikipedia.org/wiki/Category:Articles_with_short_description"", ""/wiki/Category:Articles_with_short_description"")"
,,,,,,,"=HYPERLINK(""https://en.wikipedia.org/wiki/Category:Short_description_matches_Wikidata"", ""/wiki/Category:Short_description_matches_Wikidata"")"
,,,,,,,"=HYPERLINK(""https://en.wikipedia.org/wiki/Category:Wikipedia_indefinitely_semi-protected_pages"", ""/wiki/Category:Wikipedia_indefinitely_semi-protected_pages"")"
,,,,,,,"=HYPERLINK(""https://en.wikipedia.org/wiki/Category:Articles_needing_additional_references_from_February_2021"", ""/wiki/Category:Articles_needing_additional_references_from_February_2021"")"
,,,,,,,"=HYPERLINK(""https://en.wikipedia.org/wiki/Category:All_articles_needing_additional_references"", ""/wiki/Category:All_articles_needing_additional_references"")"
,,,,,,,"=HYPERLINK(""https://en.wikipedia.org/wiki/Category:Articles_with_hAudio_microformats"", ""/wiki/Category:Articles_with_hAudio_microformats"")"
,,,,,,,"=HYPERLINK(""https://en.wikipedia.org/wiki/Category:Commons_category_link_is_on_Wikidata"", ""/wiki/Category:Commons_category_link_is_on_Wikidata"")"
,,,,,,,"=HYPERLINK(""https://en.wikipedia.org/wiki/Category:All_stub_articles"", ""/wiki/Category:All_stub_articles"")"
,,,,,,,"=HYPERLINK(""https://creativecommons.org/licenses/by-sa/4.0/"", ""Creative Commons Attribution-ShareAlike License 4.0"")"
,,,,,,,"=HYPERLINK(""https://creativecommons.org/licenses/by-sa/4.0/"", ""/licenses/by-sa/4.0/"")"
,,,,,,,"=HYPERLINK(""https://foundation.wikimedia.org/wiki/Terms_of_Use"", ""Terms of Use"")"
,,,,,,,"=HYPERLINK(""https://foundation.wikimedia.org/wiki/Privacy_policy"", ""Privacy Policy"")"
,,,,,,,"=HYPERLINK(""https://www.wikimediafoundation.org/"", ""Wikimedia Foundation, Inc."")"
,,,,,,,"=HYPERLINK(""https://foundation.wikimedia.org/wiki/Special:MyLanguage/Policy:Privacy_policy"", ""Privacy policy"")"
,,,,,,,"=HYPERLINK(""https://en.wikipedia.org/wiki/Wikipedia:About"", ""About Wikipedia"")"
,,,,,,,"=HYPERLINK(""https://en.wikipedia.org/wiki/Wikipedia:General_disclaimer"", ""Disclaimers"")"
,,,,,,,"=HYPERLINK(""https://en.wikipedia.org/wiki/Wikipedia:Contact_us"", ""Contact Wikipedia"")"
,,,,,,,"=HYPERLINK(""https://foundation.wikimedia.org/wiki/Special:MyLanguage/Universal_Code_of_Conduct"", ""Code of Conduct"")"
,,,,,,,"=HYPERLINK(""https://en.m.wikipedia.org/w/index.php?title=Meow&mobileaction=toggle_view_mobile"", ""Mobile view"")"
,,,,,,,"=HYPERLINK(""https://developer.wikimedia.org/"", ""Developers"")"
,,,,,,,"=HYPERLINK(""https://stats.wikimedia.org/#/en.wikipedia.org"", ""Statistics"")"
,,,,,,,"=HYPERLINK(""https://foundation.wikimedia.org/wiki/Special:MyLanguage/Policy:Cookie_statement"", ""Cookie statement"")"
,,,,,,,"=HYPERLINK(""https://en.wikipedia.org/wiki/Meow#"", ""/wiki/Meow"")"
,,,,,,,"=HYPERLINK(""https://wikimediafoundation.org/"", ""/"")"
,,,,,,,"=HYPERLINK(""https://www.mediawiki.org/"", ""/"")"
,,,,,,,"=HYPERLINK(""https://en.wikipedia.org/wiki/Meow?action=edit"", ""/wiki/Meow"")"
,,,"Something
",./results/something.json,Something,Something ,Multiple see below:
,,,,,,,"=HYPERLINK(""https://en.wikipedia.org/wiki/Something#bodyContent"", ""Jump to content"")"
,,,,,,,"=HYPERLINK(""https://en.wikipedia.org/wiki/Main_Page"", ""/wiki/Main_Page"")"
,,,,,,,"=HYPERLINK(""https://en.wikipedia.org/wiki/Wikipedia:Contents"", ""/wiki/Wikipedia:Contents"")"
,,,,,,,"=HYPERLINK(""https://en.wikipedia.org/wiki/Portal:Current_events"", ""/wiki/Portal:Current_events"")"
,,,,,,,"=HYPERLINK(""https://en.wikipedia.org/wiki/Special:Random"", ""/wiki/Special:Random"")"
,,,,,,,"=HYPERLINK(""https://en.wikipedia.org/wiki/Wikipedia:About"", ""/wiki/Wikipedia:About"")"
,,,,,,,"=HYPERLINK(""https://en.wikipedia.org/wiki/Wikipedia:Contact_us"", ""/wiki/Wikipedia:Contact_us"")"
,,,,,,,"=HYPERLINK(""https://donate.wikimedia.org/wiki/Special:FundraiserRedirector?utm_source=donate&utm_medium=sidebar&utm_campaign=C13_en.wikipedia.org&uselang=en"", ""/wiki/Special:FundraiserRedirector"")"
,,,,,,,"=HYPERLINK(""https://en.wikipedia.org/wiki/Help:Contents"", ""/wiki/Help:Contents"")"
,,,,,,,"=HYPERLINK(""https://en.wikipedia.org/wiki/Help:Introduction"", ""/wiki/Help:Introduction"")"
,,,,,,,"=HYPERLINK(""https://en.wikipedia.org/wiki/Wikipedia:Community_portal"", ""/wiki/Wikipedia:Community_portal"")"
,,,,,,,"=HYPERLINK(""https://en.wikipedia.org/wiki/Special:RecentChanges"", ""/wiki/Special:RecentChanges"")"
,,,,,,,"=HYPERLINK(""https://en.wikipedia.org/wiki/Wikipedia:File_upload_wizard"", ""/wiki/Wikipedia:File_upload_wizard"")"
,,,,,,,"=HYPERLINK(""https://en.wikipedia.org/wiki/Main_Page"", ""/wiki/Main_Page"")"
,,,,,,,"=HYPERLINK(""https://en.wikipedia.org/wiki/Special:Search"", ""/wiki/Special:Search"")"
,,,,,,,"=HYPERLINK(""https://en.wikipedia.org/w/index.php?title=Special:CreateAccount&returnto=Something"", ""Create account"")"
,,,,,,,"=HYPERLINK(""https://en.wikipedia.org/w/index.php?title=Special:UserLogin&returnto=Something"", ""Log in"")"
,,,,,,,"=HYPERLINK(""https://en.wikipedia.org/w/index.php?title=Special:CreateAccount&returnto=Something"", ""/w/index.php"")"
,,,,,,,"=HYPERLINK(""https://en.wikipedia.org/w/index.php?title=Special:UserLogin&returnto=Something"", ""/w/index.php"")"
,,,,,,,"=HYPERLINK(""https://en.wikipedia.org/wiki/Help:Introduction"", ""/wiki/Help:Introduction"")"
,,,,,,,"=HYPERLINK(""https://en.wikipedia.org/wiki/Special:MyContributions"", ""/wiki/Special:MyContributions"")"
,,,,,,,"=HYPERLINK(""https://en.wikipedia.org/wiki/Special:MyTalk"", ""/wiki/Special:MyTalk"")"
,,,,,,,"=HYPERLINK(""https://en.wikipedia.org/wiki/Something#"", ""(Top)"")"
,,,,,,,"=HYPERLINK(""https://en.wikipedia.org/wiki/Something#Philosophy_and_language"", ""Philosophy and language"")"
,,,,,,,"=HYPERLINK(""https://en.wikipedia.org/wiki/Something#Music"", ""Music"")"
,,,,,,,"=HYPERLINK(""https://en.wikipedia.org/wiki/Something#Albums"", ""Albums"")"
,,,,,,,"=HYPERLINK(""https://en.wikipedia.org/wiki/Something#Songs"", ""Songs"")"
,,,,,,,"=HYPERLINK(""https://en.wikipedia.org/wiki/Something#Other_uses"", ""Other uses"")"
,,,,,,,"=HYPERLINK(""https://en.wikipedia.org/wiki/Something#See_also"", ""See also"")"
,,,,,,,"=HYPERLINK(""https://de.wikipedia.org/wiki/Something"", ""/wiki/Something"")"
,,,,,,,"=HYPERLINK(""https://es.wikipedia.org/wiki/Something_(desambiguaci%C3%B3n)"", ""/wiki/Something_(desambiguaci%C3%B3n)"")"
,,,,,,,"=HYPERLINK(""https://fr.wikipedia.org/wiki/Something"", ""/wiki/Something"")"
,,,,,,,"=HYPERLINK(""https://ko.wikipedia.org/wiki/%EC%84%AC%EC%8B%B1"", ""/wiki/%EC%84%AC%EC%8B%B1"")"
,,,,,,,"=HYPERLINK(""https://hu.wikipedia.org/wiki/Something_(egy%C3%A9rtelm%C5%B1s%C3%ADt%C5%91_lap)"", ""/wiki/Something_(egy%C3%A9rtelm%C5%B1s%C3%ADt%C5%91_lap)"")"
,,,,,,,"=HYPERLINK(""https://nl.wikipedia.org/wiki/Something"", ""/wiki/Something"")"
,,,,,,,"=HYPERLINK(""https://ja.wikipedia.org/wiki/%E3%82%B5%E3%83%A0%E3%82%B7%E3%83%B3%E3%82%B0"", ""/wiki/%E3%82%B5%E3%83%A0%E3%82%B7%E3%83%B3%E3%82%B0"")"
,,,,,,,"=HYPERLINK(""https://pt.wikipedia.org/wiki/Something"", ""/wiki/Something"")"
,,,,,,,"=HYPERLINK(""https://uk.wikipedia.org/wiki/Something_(%D0%B7%D0%BD%D0%B0%D1%87%D0%B5%D0%BD%D0%BD%D1%8F)"", ""/wiki/Something_(%D0%B7%D0%BD%D0%B0%D1%87%D0%B5%D0%BD%D0%BD%D1%8F)"")"
,,,,,,,"=HYPERLINK(""https://www.wikidata.org/wiki/Special:EntityPage/Q2650699#sitelinks-wikipedia"", ""/wiki/Special:EntityPage/Q2650699"")"
,,,,,,,"=HYPERLINK(""https://en.wikipedia.org/wiki/Something"", ""Article"")"
,,,,,,,"=HYPERLINK(""https://en.wikipedia.org/wiki/Talk:Something"", ""Talk"")"
,,,,,,,"=HYPERLINK(""https://en.wikipedia.org/wiki/Something"", ""Read"")"
,,,,,,,"=HYPERLINK(""https://en.wikipedia.org/w/index.php?title=Something&action=edit"", ""View source"")"
,,,,,,,"=HYPERLINK(""https://en.wikipedia.org/w/index.php?title=Something&action=history"", ""View history"")"
,,,,,,,"=HYPERLINK(""https://en.wikipedia.org/wiki/Something"", ""/wiki/Something"")"
,,,,,,,"=HYPERLINK(""https://en.wikipedia.org/w/index.php?title=Something&action=edit"", ""/w/index.php"")"
,,,,,,,"=HYPERLINK(""https://en.wikipedia.org/w/index.php?title=Something&action=history"", ""/w/index.php"")"
,,,,,,,"=HYPERLINK(""https://en.wikipedia.org/wiki/Special:WhatLinksHere/Something"", ""/wiki/Special:WhatLinksHere/Something"")"
,,,,,,,"=HYPERLINK(""https://en.wikipedia.org/wiki/Special:RecentChangesLinked/Something"", ""/wiki/Special:RecentChangesLinked/Something"")"
,,,,,,,"=HYPERLINK(""https://en.wikipedia.org/wiki/Wikipedia:File_Upload_Wizard"", ""/wiki/Wikipedia:File_Upload_Wizard"")"
,,,,,,,"=HYPERLINK(""https://en.wikipedia.org/wiki/Special:SpecialPages"", ""/wiki/Special:SpecialPages"")"
,,,,,,,"=HYPERLINK(""https://en.wikipedia.org/w/index.php?title=Something&oldid=1153754352"", ""/w/index.php"")"
,,,,,,,"=HYPERLINK(""https://en.wikipedia.org/w/index.php?title=Something&action=info"", ""/w/index.php"")"
,,,,,,,"=HYPERLINK(""https://en.wikipedia.org/w/index.php?title=Special:CiteThisPage&page=Something&id=1153754352&wpFormIdentifier=titleform"", ""/w/index.php"")"
,,,,,,,"=HYPERLINK(""https://www.wikidata.org/wiki/Special:EntityPage/Q2650699"", ""/wiki/Special:EntityPage/Q2650699"")"
,,,,,,,"=HYPERLINK(""https://www.wikidata.org/wiki/Special:EntityPage/Q2650699#sitelinks-wikipedia"", ""/wiki/Special:EntityPage/Q2650699"")"
,,,,,,,"=HYPERLINK(""https://en.wikipedia.org/w/index.php?title=Special:DownloadAsPdf&page=Something&action=show-download-screen"", ""/w/index.php"")"
,,,,,,,"=HYPERLINK(""https://en.wikipedia.org/w/index.php?title=Something&printable=yes"", ""/w/index.php"")"
,,,,,,,"=HYPERLINK(""https://en.wikipedia.org/wiki/Wikipedia:Protection_policy#semi"", ""/wiki/Wikipedia:Protection_policy"")"
,,,,,,,"=HYPERLINK(""https://en.wiktionary.org/wiki/something"", ""something"")"
,,,,,,,"=HYPERLINK(""https://en.wikipedia.org/wiki/Something_(concept)"", ""Something (concept)"")"
,,,,,,,"=HYPERLINK(""https://en.wikipedia.org/wiki/Indefinite_pronoun"", ""indefinite pronoun"")"
,,,,,,,"=HYPERLINK(""https://en.wikipedia.org/wiki/Something_(Chairlift_album)"", ""Something (Chairlift album)"")"
,,,,,,,"=HYPERLINK(""https://en.wikipedia.org/wiki/Something_(Shirley_Bassey_album)"", ""Something (Shirley Bassey album)"")"
,,,,,,,"=HYPERLINK(""https://en.wikipedia.org/wiki/Something_(Shirley_Scott_album)"", ""Something (Shirley Scott album)"")"
,,,,,,,"=HYPERLINK(""https://en.wikipedia.org/wiki/Something_(Andrius_Pojavis_song)"", ""Something (Andrius Pojavis song)"")"
,,,,,,,"=HYPERLINK(""https://en.wikipedia.org/wiki/Something_(Beatles_song)"", ""Something (Beatles song)"")"
,,,,,,,"=HYPERLINK(""https://en.wikipedia.org/wiki/Something_(TVXQ_song)"", ""Something (TVXQ song)"")"
,,,,,,,"=HYPERLINK(""https://en.wikipedia.org/wiki/Something_(Lasgo_song)"", ""Something (Lasgo song)"")"
,,,,,,,"=HYPERLINK(""https://en.wikipedia.org/wiki/Music_from_Another_Dimension!"", ""Music from Another Dimension!"")"
,,,,,,,"=HYPERLINK(""https://en.wikipedia.org/wiki/Tales_from_the_Lotus_Pod"", ""Tales from the Lotus Pod"")"
,,,,,,,"=HYPERLINK(""https://en.wikipedia.org/wiki/This_War_Is_Ours"", ""This War Is Ours"")"
,,,,,,,"=HYPERLINK(""https://en.wikipedia.org/wiki/Girl%27s_Day_Everyday_3"", ""Girl's Day Everyday #3"")"
,,,,,,,"=HYPERLINK(""https://en.wikipedia.org/wiki/Gnash_(musician)"", ""Gnash"")"
,,,,,,,"=HYPERLINK(""https://en.wikipedia.org/wiki/Conscious_(Guy_Sebastian_album)"", ""Conscious"")"
,,,,,,,"=HYPERLINK(""https://en.wikipedia.org/wiki/It_Was_Hot,_We_Stayed_in_the_Water"", ""It Was Hot, We Stayed in the Water"")"
,,,,,,,"=HYPERLINK(""https://en.wikipedia.org/wiki/The_Glow_Pt._2"", ""The Glow Pt. 2"")"
,,,,,,,"=HYPERLINK(""https://en.wikipedia.org/wiki/Wind%27s_Poem"", ""Wind's Poem"")"
,,,,,,,"=HYPERLINK(""https://en.wikipedia.org/wiki/Blackberry_Way"", ""Blackberry Way"")"
,,,,,,,"=HYPERLINK(""https://en.wikipedia.org/wiki/Oral_Fixation,_Vol._2"", ""Oral Fixation, Vol. 2"")"
,,,,,,,"=HYPERLINK(""https://en.wikipedia.org/wiki/Condition_Critical_(White_Noise_Owl_album)"", ""Condition Critical"")"
,,,,,,,"=HYPERLINK(""https://en.wikipedia.org/wiki/Something_(To_Make_You_Feel_Alright)"", ""Something (To Make You Feel Alright)"")"
,,,,,,,"=HYPERLINK(""https://en.wikipedia.org/wiki/Something_(film)"", ""Something (film)"")"
,,,,,,,"=HYPERLINK(""https://en.wikipedia.org/wiki/Something_for_Everybody_(Devo_album)"", ""Something for Everybody"")"
,,,,,,,"=HYPERLINK(""https://en.wikipedia.org/wiki/Some_Things"", ""Some Things"")"
,,,,,,,"=HYPERLINK(""https://en.wikipedia.org/wiki/Anything_(disambiguation)"", ""Anything (disambiguation)"")"
,,,,,,,"=HYPERLINK(""https://en.wikipedia.org/wiki/Everything_(disambiguation)"", ""Everything (disambiguation)"")"
,,,,,,,"=HYPERLINK(""https://en.wikipedia.org/wiki/Nothing_(disambiguation)"", ""Nothing (disambiguation)"")"
,,,,,,,"=HYPERLINK(""https://en.wikipedia.org/wiki/Thing_(disambiguation)"", ""Thing (disambiguation)"")"
,,,,,,,"=HYPERLINK(""https://en.wikipedia.org/wiki/File:Disambig_gray.svg"", ""/wiki/File:Disambig_gray.svg"")"
,,,,,,,"=HYPERLINK(""https://en.wikipedia.org/wiki/Help:Disambiguation"", ""disambiguation"")"
,,,,,,,"=HYPERLINK(""https://en.wikipedia.org/w/index.php?title=Special:WhatLinksHere/Something&namespace=0"", ""internal link"")"
,,,,,,,"=HYPERLINK(""https://en.wikipedia.org/w/index.php?title=Something&oldid=1153754352"", ""/w/index.php"")"
,,,,,,,"=HYPERLINK(""https://en.wikipedia.org/wiki/Help:Category"", ""Category"")"
,,,,,,,"=HYPERLINK(""https://en.wikipedia.org/wiki/Category:Disambiguation_pages"", ""Disambiguation pages"")"
,,,,,,,"=HYPERLINK(""https://en.wikipedia.org/wiki/Category:Wikipedia_pages_semi-protected_against_vandalism"", ""/wiki/Category:Wikipedia_pages_semi-protected_against_vandalism"")"
,,,,,,,"=HYPERLINK(""https://en.wikipedia.org/wiki/Category:Short_description_is_different_from_Wikidata"", ""/wiki/Category:Short_description_is_different_from_Wikidata"")"
,,,,,,,"=HYPERLINK(""https://en.wikipedia.org/wiki/Category:All_article_disambiguation_pages"", ""/wiki/Category:All_article_disambiguation_pages"")"
,,,,,,,"=HYPERLINK(""https://en.wikipedia.org/wiki/Category:All_disambiguation_pages"", ""/wiki/Category:All_disambiguation_pages"")"
,,,,,,,"=HYPERLINK(""https://creativecommons.org/licenses/by-sa/4.0/"", ""Creative Commons Attribution-ShareAlike License 4.0"")"
,,,,,,,"=HYPERLINK(""https://creativecommons.org/licenses/by-sa/4.0/"", ""/licenses/by-sa/4.0/"")"
,,,,,,,"=HYPERLINK(""https://foundation.wikimedia.org/wiki/Terms_of_Use"", ""Terms of Use"")"
,,,,,,,"=HYPERLINK(""https://foundation.wikimedia.org/wiki/Privacy_policy"", ""Privacy Policy"")"
,,,,,,,"=HYPERLINK(""https://www.wikimediafoundation.org/"", ""Wikimedia Foundation, Inc."")"
,,,,,,,"=HYPERLINK(""https://foundation.wikimedia.org/wiki/Special:MyLanguage/Policy:Privacy_policy"", ""Privacy policy"")"
,,,,,,,"=HYPERLINK(""https://en.wikipedia.org/wiki/Wikipedia:About"", ""About Wikipedia"")"
,,,,,,,"=HYPERLINK(""https://en.wikipedia.org/wiki/Wikipedia:General_disclaimer"", ""Disclaimers"")"
,,,,,,,"=HYPERLINK(""https://en.wikipedia.org/wiki/Wikipedia:Contact_us"", ""Contact Wikipedia"")"
,,,,,,,"=HYPERLINK(""https://foundation.wikimedia.org/wiki/Special:MyLanguage/Universal_Code_of_Conduct"", ""Code of Conduct"")"
,,,,,,,"=HYPERLINK(""https://en.m.wikipedia.org/w/index.php?title=Something&mobileaction=toggle_view_mobile"", ""Mobile view"")"
,,,,,,,"=HYPERLINK(""https://developer.wikimedia.org/"", ""Developers"")"
,,,,,,,"=HYPERLINK(""https://stats.wikimedia.org/#/en.wikipedia.org"", ""Statistics"")"
,,,,,,,"=HYPERLINK(""https://foundation.wikimedia.org/wiki/Special:MyLanguage/Policy:Cookie_statement"", ""Cookie statement"")"
,,,,,,,"=HYPERLINK(""https://en.wikipedia.org/wiki/Something#"", ""/wiki/Something"")"
,,,,,,,"=HYPERLINK(""https://wikimediafoundation.org/"", ""/"")"
,,,,,,,"=HYPERLINK(""https://www.mediawiki.org/"", ""/"")"
,,,,,,,"=HYPERLINK(""https://en.wikipedia.org/wiki/Something?action=edit"", ""/wiki/Something"")"
